,univariate,multivariate,goal,univ_error,multiv_error
cal,17899,17890,17500.0,399.0,390.0
carb,1505,1579,2187.5,682.5,608.5
fat,880,900,388.8888888888889,491.1111111111111,511.1111111111111
prot,890,771,1312.5,422.5,541.5
