,univariate,multivariate,goal,univ_error,multiv_error
cal,17787.22857142857,17822.371428571427,17500.0,287.22857142857146,322.37142857142857
carb,1300.2571428571428,1331.2285714285715,2187.5,887.2428571428571,856.2714285714286
fat,964.0857142857143,958.9428571428572,388.88888888888874,575.1968253968253,570.053968253968
prot,905.6285714285714,886.1428571428571,1312.5,406.87142857142857,426.35714285714283
