,univariate,multivariate,goal,univ_error,multiv_error
cal,17821.0,17787.628571428573,17500.0,321.0,287.62857142857143
carb,1291.0285714285715,1290.3142857142857,2187.5,896.4714285714285,897.1857142857143
fat,993.0285714285715,976.2571428571429,388.88888888888874,604.1396825396823,587.3682539682538
prot,849.7142857142857,888.2,1312.5,462.7857142857143,424.3
