,univariate,multivariate,goal,univ_error,multiv_error
cal,17809.2,17782.02857142857,17500.0,309.2,282.0285714285714
carb,1299.7142857142858,1302.8,2187.5,887.7857142857143,884.7
fat,976.2,984.2857142857143,388.88888888888874,587.3111111111108,595.3968253968251
prot,878.6285714285714,856.5428571428571,1312.5,433.87142857142857,455.95714285714286
