,univariate,multivariate,goal,univ_error,multiv_error
cal,17820.2,17850.4,17500.0,320.2,350.4
carb,1311.0,1328.5142857142857,2187.5,876.5,858.9857142857143
fat,970.8571428571429,962.6,388.88888888888874,581.9682539682539,573.711111111111
prot,879.6285714285714,880.6285714285714,1312.5,432.87142857142857,431.87142857142857
