,univariate,multivariate,goal,univ_error,multiv_error
cal,17800.285714285714,17841.457142857143,17500.0,300.2857142857143,341.45714285714286
carb,1302.2857142857142,1315.5428571428572,2187.5,885.2142857142857,871.9571428571429
fat,980.5428571428571,978.5714285714286,388.88888888888874,591.653968253968,589.6825396825394
prot,866.6571428571428,855.9142857142857,1312.5,445.84285714285716,456.5857142857143
