,univariate,multivariate,goal,univ_error,multiv_error
cal,17809.82857142857,17670.628571428573,17500.0,309.8285714285714,418.2857142857143
carb,1251.2571428571428,1295.7714285714285,2187.5,936.2428571428571,891.7285714285714
fat,993.6285714285714,967.1428571428571,388.88888888888874,604.7396825396822,578.2539682539681
prot,887.9714285714285,869.5714285714286,1312.5,424.5285714285714,442.92857142857144
